{"cameraMode":{"drawMode":0,"name":"Shaded","section":"Shading Mode"},"sceneLighting":true,"audioPlay":false,"sceneViewState":{"m_AlwaysRefresh":false,"showFog":true,"showSkybox":true,"showFlares":true,"showImageEffects":true,"showParticleSystems":true,"showVisualEffectGraphs":true,"m_FxEnabled":true},"in2DMode":false,"pivot":{"x":-0.15342801809310914,"y":15.504799842834473,"z":-21.219581604003908},"rotation":{"x":0.3441108465194702,"y":-0.009863286279141903,"z":0.003614664077758789,"w":0.9388766884803772},"size":11.22435474395752,"orthographic":false}